时间(秒),尿酸(uA),抗坏血酸(uA),葡萄糖（mA）,电压(V),接收时间
0.2,0.0251,-17.5825,-17.5825,-0.09,10:33:33.984
0.4,0.0251,-29.6704,-29.6704,-0.1093,10:33:34.357
0.6,0.0251,-43.1014,-43.1014,-0.1246,10:33:34.697
0.8,0.0251,-57.8755,-57.8755,-0.1448,10:33:35.083
1.0,0.0093,-70.7693,-70.7693,-0.1649,10:33:35.559
1.2,0.0093,-94.9451,-94.9451,-0.1794,10:33:35.828
1.4,0.0093,-117.5092,-117.5092,-0.1996,10:33:36.196
1.6,0.0172,-134.4323,-134.4323,-0.2173,10:33:36.569
1.8,0.0251,-145.7143,-145.7143,-0.2342,10:33:36.941
2.0,0.0409,-156.1905,-156.1905,-0.2544,10:33:37.311
2.2,0.0409,-163.4433,-163.4433,-0.2697,10:33:37.682
2.4,0.033,-171.5019,-171.5019,-0.2898,10:33:38.456
2.6,0.0172,-177.1429,-177.1429,-0.3067,10:33:38.461
2.8,0.0093,-184.3957,-184.3957,-0.3245,10:33:38.624
3.0,0.0093,-189.2308,-189.2308,-0.3446,10:33:38.995
3.2,0.0014,-194.066,-194.066,-0.3599,10:33:39.367
3.4,0.0093,-195.6777,-195.6777,-0.3793,10:33:39.740
3.6,0.0172,-200.5129,-200.5129,-0.3994,10:33:40.512
3.8,0.0172,-203.7363,-203.7363,-0.4147,10:33:40.517
4.0,0.0093,-208.5715,-208.5715,-0.4349,10:33:40.882
4.2,0.0172,-212.6008,-212.6008,-0.4518,10:33:41.268
4.4,0.0093,-218.2418,-218.2418,-0.4695,10:33:41.609
4.6,0.0093,-223.8828,-223.8828,-0.4897,10:33:41.979
4.8,0.0014,-229.5239,-229.5239,-0.505,10:33:42.755
5.0,0.0093,-234.359,-234.359,-0.5243,10:33:42.760
5.2,0.0014,-240.8059,-240.8059,-0.5421,10:33:42.924
5.4,0.0014,-247.2528,-247.2528,-0.5598,10:33:43.697
5.6,-0.0065,-252.088,-252.088,-0.5799,10:33:43.866
5.8,0.0014,-257.729,-257.729,-0.5944,10:33:44.035
6.0,0.0014,-264.1759,-264.1759,-0.6146,10:33:44.407
6.2,0.0093,-273.0403,-273.0403,-0.6347,10:33:44.779
6.4,0.0172,-279.4872,-279.4872,-0.6492,10:33:45.164
6.6,0.0251,-289.9634,-289.9634,-0.6694,10:33:45.535
6.8,0.0172,-301.2455,-301.2455,-0.6871,10:33:45.907
7.0,0.0172,-313.3334,-313.3334,-0.7048,10:33:46.279
7.2,0.0093,-323.0037,-323.0037,-0.725,10:33:46.651
7.4,0.0014,-333.4799,-333.4799,-0.7395,10:33:47.021
7.6,-0.0144,-343.9561,-343.9561,-0.7596,10:33:47.561
7.8,-0.0065,-356.044,-356.044,-0.7798,10:33:47.934
8.0,-0.0144,-367.3261,-367.3261,-0.7943,10:33:48.165
8.2,-0.0065,-344.762,-344.762,-0.7846,10:33:48.549
8.4,0.0014,-306.0806,-306.0806,-0.7669,10:33:48.719
8.6,0.0172,-252.088,-252.088,-0.7492,10:33:49.087
8.8,0.0093,-189.2308,-189.2308,-0.7298,10:33:49.860
9.0,0.0172,-119.9268,-119.9268,-0.7145,10:33:49.863
9.2,0.0172,-78.8279,-78.8279,-0.6944,10:33:50.230
9.4,0.0172,-49.011,-49.011,-0.6766,10:33:50.600
9.6,0.0093,-29.6704,-29.6704,-0.6597,10:33:50.984
9.8,0.0172,-11.1356,-11.1356,-0.6396,10:33:51.771
10.0,0.0251,7.3992,7.3992,-0.6242,10:33:51.776
10.2,0.0251,21.9047,21.9047,-0.6049,10:33:52.141
10.4,0.0251,35.6043,35.6043,-0.5896,10:33:52.526
10.6,0.033,49.304,49.304,-0.5695,10:33:52.695
10.8,0.033,58.9743,58.9743,-0.5541,10:33:53.067
11.0,0.0251,66.2271,66.2271,-0.5348,10:33:53.841
11.2,0.0251,75.0915,75.0915,-0.5171,10:33:53.847
11.4,0.0251,83.1501,83.1501,-0.4993,10:33:54.211
11.6,0.0251,89.597,89.597,-0.4824,10:33:54.581
11.8,0.033,98.4615,98.4615,-0.4647,10:33:54.952
12.0,0.0409,107.326,107.326,-0.4445,10:33:55.336
12.2,0.0409,114.5787,114.5787,-0.4292,10:33:55.504
12.4,0.0409,120.2197,120.2197,-0.4099,10:33:56.291
12.6,0.033,126.6666,126.6666,-0.3922,10:33:56.298
12.8,0.0251,132.3076,132.3076,-0.3744,10:33:57.587
13.0,0.0172,137.9487,137.9487,-0.3543,10:33:57.594
13.2,0.0172,142.7838,142.7838,-0.3398,10:33:57.602
13.4,0.0251,148.4249,148.4249,-0.3196,10:33:57.817
13.6,0.033,153.26,153.26,-0.3043,10:33:57.988
13.8,0.0409,158.901,158.901,-0.2842,10:33:58.761
14.0,0.0409,162.9303,162.9303,-0.2648,10:33:58.768
14.2,0.033,167.7655,167.7655,-0.2495,10:33:59.130
14.4,0.033,174.2124,174.2124,-0.2294,10:33:59.501
14.6,0.033,179.0476,179.0476,-0.2149,10:34:00.045
14.8,0.0172,183.0769,183.0769,-0.1947,10:34:00.215
15.0,0.0251,188.7179,188.7179,-0.177,10:34:00.583
15.2,0.0409,195.9706,195.9706,-0.1593,10:34:00.955
15.4,0.0409,198.3882,198.3882,-0.1391,10:34:01.326
15.6,0.0409,204.0292,204.0292,-0.1246,10:34:01.696
15.8,0.0488,208.8644,208.8644,-0.1045,10:34:02.469
16.0,0.0488,213.6996,213.6996,-0.0867,10:34:02.479
16.2,0.0488,218.5347,218.5347,-0.0698,10:34:02.639
16.4,0.0488,228.2051,228.2051,-0.0497,10:34:03.009
16.6,0.0488,240.293,240.293,-0.0344,10:34:03.381
16.8,0.0409,256.4102,256.4102,-0.0142,10:34:03.752
17.0,0.033,273.3333,273.3333,0.0003,10:34:04.524
17.2,0.0251,295.8974,295.8974,0.0204,10:34:04.535
17.4,0.0172,320.8791,320.8791,0.0382,10:34:04.909
17.6,0.0251,347.4725,347.4725,0.0551,10:34:05.311
17.8,0.0409,366.0073,366.0073,0.0752,10:34:05.681
18.0,0.0488,380.5128,380.5128,0.0905,10:34:06.466
18.2,0.0488,385.3479,385.3479,0.1107,10:34:06.479
18.4,0.0646,382.9303,382.9303,0.1276,10:34:06.804
18.6,0.0646,374.0659,374.0659,0.1453,10:34:06.974
18.8,0.0646,366.8131,366.8131,0.1655,10:34:07.774
19.0,0.0567,360.3662,360.3662,0.1808,10:34:07.785
19.2,0.0567,353.9194,353.9194,0.2001,10:34:08.548
19.4,0.0409,350.6959,350.6959,0.2179,10:34:08.717
19.6,0.0409,346.6666,346.6666,0.2356,10:34:08.780
19.8,0.033,343.4432,343.4432,0.2558,10:34:09.568
20.0,0.033,339.4139,339.4139,0.2703,10:34:09.579
20.2,0.033,335.3846,335.3846,0.2904,10:34:10.344
20.4,0.0251,328.1318,328.1318,0.3057,10:34:10.715
20.6,0.0251,320.8791,320.8791,0.3259,10:34:10.778
20.8,0.0251,313.6263,313.6263,0.3428,10:34:11.150
21.0,0.0251,307.1794,307.1794,0.3605,10:34:11.274
21.2,0.033,302.3443,302.3443,0.3807,10:34:12.051
21.4,0.0488,298.315,298.315,0.3952,10:34:12.063
21.6,0.0488,295.0915,295.0915,0.4153,10:34:12.484
21.8,0.0567,291.8681,291.8681,0.433,10:34:13.259
22.0,0.0409,287.8388,287.8388,0.4508,10:34:13.273
22.2,0.033,282.1977,282.1977,0.4701,10:34:13.629
22.4,0.0409,276.5567,276.5567,0.4854,10:34:14.002
22.6,0.033,270.9157,270.9157,0.5056,10:34:14.174
22.8,0.0251,265.2747,265.2747,0.5209,10:34:14.952
23.0,0.0409,260.4395,260.4395,0.5402,10:34:14.966
23.2,0.0409,254.7985,254.7985,0.5604,10:34:15.322
23.4,0.033,249.1575,249.1575,0.5757,10:34:15.695
23.6,0.0409,244.3223,244.3223,0.5958,10:34:16.068
23.8,0.0488,238.6813,238.6813,0.6103,10:34:16.440
24.0,0.0488,233.0402,233.0402,0.6305,10:34:16.610
24.2,0.0488,227.3992,227.3992,0.6482,10:34:17.385
24.4,0.0488,222.564,222.564,0.6651,10:34:17.557
24.6,0.0488,217.7289,217.7289,0.6853,10:34:17.930
24.8,0.0488,213.6996,213.6996,0.7006,10:34:18.302
25.0,0.0488,210.4761,210.4761,0.7207,10:34:18.472
25.2,0.0567,209.6703,209.6703,0.7352,10:34:18.908
25.4,0.0488,207.2527,207.2527,0.7554,10:34:19.682
25.6,0.0409,204.8351,204.8351,0.7755,10:34:19.744
25.8,0.0409,202.4175,202.4175,0.7908,10:34:19.915
26.0,0.0488,199.1941,199.1941,0.7933,10:34:20.692
26.2,0.0409,197.5824,197.5824,0.7788,10:34:20.709
26.4,0.0488,195.9706,195.9706,0.7586,10:34:21.466
26.6,0.0646,192.7472,192.7472,0.7409,10:34:21.482
26.8,0.0646,190.3296,190.3296,0.7232,10:34:21.839
27.0,0.0646,188.7179,188.7179,0.7038,10:34:22.211
27.2,0.0646,185.4944,185.4944,0.6885,10:34:22.380
27.4,0.0725,183.0769,183.0769,0.6684,10:34:23.674
27.6,0.0567,181.4651,181.4651,0.653,10:34:23.692
27.8,0.0567,179.0476,179.0476,0.6337,10:34:23.709
28.0,0.0488,176.63,176.63,0.6136,10:34:24.046
28.2,0.0567,174.2124,174.2124,0.5982,10:34:24.216
28.4,0.0488,171.7948,171.7948,0.5781,10:34:24.994
28.6,0.0567,169.3772,169.3772,0.5636,10:34:25.012
28.8,0.0488,166.1538,166.1538,0.5434,10:34:25.365
29.0,0.0567,164.5421,164.5421,0.5257,10:34:26.111
29.2,0.0567,161.3186,161.3186,0.5088,10:34:26.130
29.4,0.0567,159.7069,159.7069,0.4886,10:34:26.655
29.6,0.0567,158.0952,158.0952,0.4733,10:34:26.674
29.8,0.0646,158.901,158.901,0.4532,10:34:27.431
30.0,0.0646,156.4835,156.4835,0.4363,10:34:27.600
30.2,0.0567,156.4835,156.4835,0.4185,10:34:27.974
30.4,0.0567,154.8717,154.8717,0.3984,10:34:28.144
30.6,0.0567,145.2014,145.2014,0.3831,10:34:28.920
30.8,0.0567,125.0549,125.0549,0.3637,10:34:28.941
31.0,0.0567,101.6849,101.6849,0.3484,10:34:29.293
31.2,0.0646,71.8681,71.8681,0.3283,10:34:29.667
31.4,0.0567,41.2454,41.2454,0.3138,10:34:30.037
31.6,0.0488,14.652,14.652,0.2936,10:34:30.409
31.8,0.0409,-4.6887,-4.6887,0.2759,10:34:30.783
32.0,0.033,-21.6118,-21.6118,0.2582,10:34:31.156
32.2,0.033,-35.3114,-35.3114,0.238,10:34:31.326
32.4,0.0409,-49.011,-49.011,0.2235,10:34:31.699
32.6,0.0488,-61.9048,-61.9048,0.2034,10:34:32.475
32.8,0.0488,-73.9927,-73.9927,0.1881,10:34:32.498
33.0,0.0488,-85.2748,-85.2748,0.1687,10:34:32.848
33.2,0.0409,-95.751,-95.751,0.1486,10:34:33.220
33.4,0.033,-107.033,-107.033,0.1333,10:34:33.593
33.6,0.0251,-117.5092,-117.5092,0.1131,10:34:33.967
33.8,0.0172,-127.1795,-127.1795,0.0986,10:34:34.308
34.0,0.0172,-138.4616,-138.4616,0.0785,10:34:34.740
34.2,0.0172,-148.1319,-148.1319,0.0607,10:34:35.517
34.4,0.0093,-156.9964,-156.9964,0.0438,10:34:35.545
34.6,0.0093,-165.055,-165.055,0.0237,10:34:35.689
34.8,0.0251,-173.1136,-173.1136,0.0084,10:34:36.059
35.0,0.033,-181.1722,-181.1722,-0.0118,10:34:36.433
35.2,0.033,-187.6191,-187.6191,-0.0287,10:34:36.807
35.4,0.0409,-196.4836,-196.4836,-0.0464,10:34:37.178
35.6,0.0409,-202.9305,-202.9305,-0.0666,10:34:37.551
35.8,0.0251,-209.3773,-209.3773,-0.0819,10:34:37.923
36.0,0.0014,-214.2125,-214.2125,-0.1012,10:34:38.296
36.2,-0.0065,-222.2711,-222.2711,-0.1214,10:34:38.668
36.4,-0.0065,-229.5239,-229.5239,-0.1367,10:34:39.041
36.6,-0.0144,-242.4176,-242.4176,-0.1568,10:34:39.380
36.8,-0.0065,-262.5642,-262.5642,-0.1738,10:34:39.751
37.0,0.0172,-293.9927,-293.9927,-0.1915,10:34:40.124
37.2,0.0172,-335.8975,-335.8975,-0.2116,10:34:40.497
37.4,0.0093,-385.055,-385.055,-0.227,10:34:40.729
37.6,0.0093,-439.0477,-439.0477,-0.2463,10:34:41.506
37.8,0.0093,-492.2345,-492.2345,-0.2664,10:34:41.538
38.2,0.0014,-533.3334,-533.3334,-0.3019,10:34:42.110
38.4,0.0014,-556.7033,-556.7033,-0.3188,10:34:42.543
38.6,0.0093,-566.3737,-566.3737,-0.3366,10:34:42.919
38.8,0.0172,-562.3444,-562.3444,-0.3567,10:34:43.695
39.0,0.0172,-545.4213,-545.4213,-0.3712,10:34:43.726
39.2,0.0172,-527.6924,-527.6924,-0.3914,10:34:44.068
39.4,0.0251,-512.381,-512.381,-0.4115,10:34:44.440
39.6,0.0251,-501.099,-501.099,-0.4268,10:34:44.813
39.8,0.0251,-493.8462,-493.8462,-0.447,10:34:45.186
40.0,0.0251,-491.4286,-491.4286,-0.4639,10:34:45.571
40.2,0.0251,-490.6228,-490.6228,-0.4816,10:34:45.944
40.4,0.0251,-492.2345,-492.2345,-0.5018,10:34:46.114
40.6,0.0251,-492.2345,-492.2345,-0.5195,10:34:46.891
40.8,0.0172,-489.8169,-489.8169,-0.5364,10:34:47.015
41.0,0.0172,-487.3993,-487.3993,-0.5566,10:34:47.388
41.2,0.0093,-481.7583,-481.7583,-0.5719,10:34:47.759
41.4,0.0093,-479.3407,-479.3407,-0.5912,10:34:48.132
41.6,0.0093,-477.729,-477.729,-0.6114,10:34:48.504
41.8,0.0093,-482.5642,-482.5642,-0.6267,10:34:48.877
42.0,0.0093,-484.9817,-484.9817,-0.6468,10:34:49.250
42.2,0.0093,-487.3993,-487.3993,-0.6637,10:34:49.620
42.4,0.0014,-489.011,-489.011,-0.6815,10:34:49.792
42.6,-0.0065,-491.4286,-491.4286,-0.7016,10:34:50.569
42.8,-0.0065,-492.2345,-492.2345,-0.7193,10:34:50.608
43.0,-0.0065,-493.8462,-493.8462,-0.7363,10:34:51.360
43.2,0.0014,-501.9048,-501.9048,-0.7564,10:34:51.402
43.4,0.0093,-505.9341,-505.9341,-0.7717,10:34:51.732
43.6,0.0093,-518.022,-518.022,-0.7919,10:34:52.106
43.8,0.0172,-493.0403,-493.0403,-0.7895,10:34:52.478
44.0,0.0093,-448.718,-448.718,-0.7741,10:34:52.850
44.2,0.0093,-386.6667,-386.6667,-0.7548,10:34:53.021
44.4,0.0014,-318.9744,-318.9744,-0.7371,10:34:53.796
44.6,0.0093,-233.5532,-233.5532,-0.7193,10:34:53.838
44.8,0.0014,-177.1429,-177.1429,-0.6992,10:34:54.169
45.0,0.0014,-138.4616,-138.4616,-0.6847,10:34:54.544
45.2,0.0014,-107.033,-107.033,-0.6645,10:34:54.916
45.4,0.0093,-82.0513,-82.0513,-0.6468,10:34:55.350
45.6,0.0014,-60.2931,-60.2931,-0.6299,10:34:56.124
45.8,0.0093,-39.3407,-39.3407,-0.6097,10:34:56.167
46.0,0.0172,-20.0001,-20.0001,-0.5944,10:34:56.312
46.2,0.0251,-2.2711,-2.2711,-0.5743,10:34:56.683
46.4,0.033,15.4578,15.4578,-0.5598,10:34:57.057
46.6,0.0409,29.1575,29.1575,-0.5396,10:34:57.430
46.8,0.0409,40.4395,40.4395,-0.5243,10:34:57.802
47.0,0.0409,51.7216,51.7216,-0.5042,10:34:58.176
47.2,0.033,59.7802,59.7802,-0.4897,10:34:58.548
47.4,0.033,69.4505,69.4505,-0.4695,10:34:58.719
47.6,0.033,79.1208,79.1208,-0.4518,10:34:59.493
47.8,0.0409,88.7912,88.7912,-0.4349,10:34:59.539
48.0,0.0409,96.8498,96.8498,-0.4147,10:35:00.300
48.2,0.0488,105.7142,105.7142,-0.3994,10:35:00.348
48.4,0.0409,113.7728,113.7728,-0.3793,10:35:00.720
48.6,0.0488,119.4139,119.4139,-0.3648,10:35:00.952
48.8,0.0488,125.8607,125.8607,-0.3446,10:35:01.727
49.0,0.0488,132.3076,132.3076,-0.3245,10:35:01.776
49.2,0.0409,138.7545,138.7545,-0.3092,10:35:02.115
49.4,0.0409,143.5897,143.5897,-0.2898,10:35:02.887
49.6,0.0409,150.8424,150.8424,-0.2745,10:35:02.936
49.8,0.0409,158.0952,158.0952,-0.2544,10:35:03.089
50.0,0.033,166.1538,166.1538,-0.2366,10:35:03.462
50.2,0.0409,171.7948,171.7948,-0.2197,10:35:03.849
50.4,0.033,178.2417,178.2417,-0.1996,10:35:04.220
50.6,0.0251,185.4944,185.4944,-0.1842,10:35:04.593
50.8,0.0251,190.3296,190.3296,-0.1649,10:35:04.966
51.0,0.0251,192.7472,192.7472,-0.1472,10:35:05.351
51.2,0.0251,199.1941,199.1941,-0.1295,10:35:05.723
51.4,0.033,204.8351,204.8351,-0.1093,10:35:06.095
51.6,0.033,208.0586,208.0586,-0.0948,10:35:06.468
51.8,0.0251,216.1172,216.1172,-0.0747,10:35:06.640
52.0,0.0409,227.3992,227.3992,-0.0593,10:35:07.076
52.2,0.033,240.293,240.293,-0.0392,10:35:07.449
52.4,0.033,257.2161,257.2161,-0.0223,10:35:07.818
52.6,0.033,279.7802,279.7802,-0.0045,10:35:08.191
52.8,0.0251,303.956,303.956,0.0156,10:35:08.563
53.0,0.0172,331.3553,331.3553,0.0301,10:35:08.933
53.2,0.0251,358.7545,358.7545,0.0503,10:35:09.318
53.4,0.033,377.2893,377.2893,0.068,10:35:09.691
53.6,0.0409,388.5714,388.5714,0.0857,10:35:09.923
53.8,0.0488,391.7948,391.7948,0.1059,10:35:10.296
54.0,0.0488,387.7655,387.7655,0.1204,10:35:11.074
54.2,0.0488,376.4835,376.4835,0.1405,10:35:11.245
54.4,0.0488,368.4249,368.4249,0.1558,10:35:11.416
54.6,0.0488,360.3662,360.3662,0.1752,10:35:11.787
54.8,0.0567,352.3076,352.3076,0.1953,10:35:12.161
55.0,0.0567,345.0549,345.0549,0.2106,10:35:12.331
55.2,0.0567,338.608,338.608,0.2308,10:35:13.108
55.4,0.0488,332.967,332.967,0.2453,10:35:13.174
55.6,0.0409,326.5201,326.5201,0.2654,10:35:13.542
55.8,0.033,322.4908,322.4908,0.2832,10:35:13.915
56.0,0.033,317.6556,317.6556,0.3009,10:35:14.287
56.2,0.033,312.8205,312.8205,0.3202,10:35:14.658
56.4,0.0409,307.1794,307.1794,0.3355,10:35:15.031
56.6,0.0488,301.5384,301.5384,0.3557,10:35:15.202
56.8,0.0567,294.2857,294.2857,0.3726,10:35:15.757
57.0,0.0646,287.0329,287.0329,0.3903,10:35:15.989
57.2,0.0646,278.9743,278.9743,0.4105,10:35:16.361
57.4,0.0567,270.9157,270.9157,0.4258,10:35:16.735
57.6,0.0567,263.6629,263.6629,0.4451,10:35:17.109
57.8,0.0488,257.2161,257.2161,0.4604,10:35:17.482
58.0,0.0488,250.7692,250.7692,0.4806,10:35:17.854
58.2,0.0488,245.934,245.934,0.4983,10:35:18.226
58.4,0.0488,241.9047,241.9047,0.5152,10:35:18.614
58.6,0.0488,237.8754,237.8754,0.5354,10:35:19.002
58.8,0.0567,233.0402,233.0402,0.5507,10:35:19.173
59.0,0.0567,228.2051,228.2051,0.5708,10:35:19.610
59.2,0.0488,222.564,222.564,0.5878,10:35:19.999
59.4,0.0488,216.1172,216.1172,0.6055,10:35:20.385
59.6,0.0409,210.4761,210.4761,0.6256,10:35:20.774
59.8,0.033,204.8351,204.8351,0.6401,10:35:21.162
60.0,0.0251,199.1941,199.1941,0.6603,10:35:21.332
60.2,0.0251,194.3589,194.3589,0.6756,10:35:21.720
60.4,0.0251,190.3296,190.3296,0.6958,10:35:22.156
60.6,0.033,185.4944,185.4944,0.7151,10:35:22.555
60.8,0.0409,181.4651,181.4651,0.7304,10:35:22.926
61.0,0.0488,178.2417,178.2417,0.7505,10:35:23.299
61.2,0.0488,175.8241,175.8241,0.7659,10:35:23.674
61.4,0.0488,173.4065,173.4065,0.7852,10:35:23.859
61.6,0.0409,171.7948,171.7948,0.8005,10:35:24.416
61.8,0.033,170.1831,170.1831,0.7836,10:35:24.585
62.0,0.033,169.3772,169.3772,0.7634,10:35:24.959
62.2,0.0409,168.5714,168.5714,0.7481,10:35:25.762
62.4,0.0488,167.7655,167.7655,0.7288,10:35:25.840
62.6,0.0567,166.9597,166.9597,0.7135,10:35:26.151
62.8,0.0567,166.1538,166.1538,0.6933,10:35:26.523
63.0,0.0488,164.5421,164.5421,0.6732,10:35:26.911
63.2,0.0488,162.9303,162.9303,0.6587,10:35:27.283
63.4,0.0409,161.3186,161.3186,0.6385,10:35:27.484
63.6,0.0409,159.7069,159.7069,0.6232,10:35:27.871
63.8,0.0488,158.0952,158.0952,0.6031,10:35:28.258
64.0,0.0567,156.4835,156.4835,0.5862,10:35:28.646
64.2,0.0567,154.8717,154.8717,0.5684,10:35:29.018
64.4,0.0567,152.4542,152.4542,0.5483,10:35:29.408
64.6,0.0488,151.6483,151.6483,0.5338,10:35:29.609
64.8,0.0488,149.2307,149.2307,0.5136,10:35:30.386
65.0,0.0409,148.4249,148.4249,0.4959,10:35:30.471
65.2,0.0251,146.8131,146.8131,0.4782,10:35:30.774
65.4,0.033,146.0073,146.0073,0.458,10:35:31.565
65.6,0.0409,145.2014,145.2014,0.4435,10:35:31.655
65.8,0.033,145.2014,145.2014,0.4234,10:35:31.766
66.0,0.0409,143.5897,143.5897,0.4081,10:35:32.171
66.2,0.0409,142.7838,142.7838,0.3887,10:35:32.557
66.4,0.0409,137.1428,137.1428,0.371,10:35:32.929
66.6,0.0409,117.8021,117.8021,0.3533,10:35:33.302
66.8,0.0488,92.0146,92.0146,0.3331,10:35:34.078
67.0,0.0409,62.1977,62.1977,0.3186,10:35:34.264
67.2,0.0488,28.3516,28.3516,0.2985,10:35:34.653
67.4,0.033,-3.077,-3.077,0.2832,10:35:34.743
67.6,0.0093,-24.8352,-24.8352,0.2638,10:35:35.444
67.8,-0.0065,-40.9524,-40.9524,0.2461,10:35:35.541
68.0,-0.0065,-57.0697,-57.0697,0.2284,10:35:35.893
68.2,-0.0144,-71.5751,-71.5751,0.2082,10:35:36.297
68.4,-0.0065,-86.0806,-86.0806,0.1937,10:35:36.498
68.6,0.0093,-101.392,-101.392,0.1736,10:35:36.871
68.8,0.0251,-115.8975,-115.8975,0.1582,10:35:37.307
69.0,0.033,-129.5971,-129.5971,0.1381,10:35:37.510
69.2,0.0409,-143.2968,-143.2968,0.1188,10:35:38.283
69.4,0.0409,-156.9964,-156.9964,0.1034,10:35:38.384
69.6,0.033,-168.2784,-168.2784,0.0833,10:35:38.658
69.8,0.0251,-179.5605,-179.5605,0.0688,10:35:39.046
70.0,0.0172,-189.2308,-189.2308,0.0486,10:35:39.449
70.2,0.0172,-197.2894,-197.2894,0.0285,10:35:39.727
70.4,0.0172,-205.348,-205.348,0.0132,10:35:40.503
70.6,0.0251,-212.6008,-212.6008,-0.007,10:35:40.608
70.8,0.0251,-218.2418,-218.2418,-0.0215,10:35:40.925
71.0,0.0251,-222.2711,-222.2711,-0.0416,10:35:41.312
71.2,0.0251,-225.4946,-225.4946,-0.0618,10:35:41.499
71.4,0.0251,-225.4946,-225.4946,-0.0763,10:35:41.887
71.6,0.0172,-226.3004,-226.3004,-0.0964,10:35:42.681
71.8,0.0172,-227.9121,-227.9121,-0.1141,10:35:42.793
72.0,0.0172,-231.1356,-231.1356,-0.1319,10:35:42.900
72.2,0.0172,-236.7766,-236.7766,-0.1512,10:35:43.707
72.4,0.0172,-251.2821,-251.2821,-0.1665,10:35:43.810
72.6,0.0251,-278.6814,-278.6814,-0.1867,10:35:44.094
72.8,0.0251,-317.3627,-317.3627,-0.2044,10:35:44.481
73.0,0.0093,-362.4909,-362.4909,-0.2213,10:35:44.883
73.2,0.0093,-416.4836,-416.4836,-0.2415,10:35:45.055
73.4,0.0093,-470.4762,-470.4762,-0.2568,10:35:45.459
73.6,0.0014,-516.4103,-516.4103,-0.2769,10:35:45.861
73.8,0.0014,-547.8389,-547.8389,-0.2963,10:35:46.248
74.0,0.0172,-565.5678,-565.5678,-0.3116,10:35:46.695
74.2,0.0172,-575.2381,-575.2381,-0.3317,10:35:46.867
74.4,0.0093,-566.3737,-566.3737,-0.3495,10:35:47.253
74.6,0.0172,-547.8389,-547.8389,-0.3664,10:35:48.031
74.8,0.0093,-529.3041,-529.3041,-0.3865,10:35:48.145
75.0,0.0014,-513.1869,-513.1869,-0.4042,10:35:48.312
75.2,0.0014,-493.8462,-493.8462,-0.422,10:35:49.088
75.4,0.0014,-481.7583,-481.7583,-0.4413,10:35:49.198
75.6,0.0014,-473.6997,-473.6997,-0.4566,10:35:49.507
75.8,0.0172,-472.088,-472.088,-0.4768,10:35:49.895
76.0,0.0251,-471.2821,-471.2821,-0.4937,10:35:50.298
76.2,0.0251,-472.088,-472.088,-0.5114,10:35:50.500
76.4,0.033,-476.9231,-476.9231,-0.5316,10:35:50.889
76.6,0.0251,-480.9524,-480.9524,-0.5469,10:35:51.294
76.8,0.0093,-480.9524,-480.9524,-0.5662,10:35:51.713
77.0,0.0093,-483.37,-483.37,-0.5864,10:35:52.116
77.2,0.0093,-482.5642,-482.5642,-0.6017,10:35:52.302
77.4,0.0014,-482.5642,-482.5642,-0.6218,10:35:52.675
77.6,0.0014,-480.1466,-480.1466,-0.642,10:35:53.078
77.8,0.0093,-480.1466,-480.1466,-0.6565,10:35:53.449
78.0,-0.0065,-477.729,-477.729,-0.6766,10:35:54.256
78.2,-0.0065,-477.729,-477.729,-0.6944,10:35:54.378
78.4,-0.0065,-473.6997,-473.6997,-0.7113,10:35:54.708
78.6,0.0014,-474.5055,-474.5055,-0.7314,10:35:54.911
78.8,0.0014,-472.088,-472.088,-0.7492,10:35:55.312
79.0,0.0093,-474.5055,-474.5055,-0.7669,10:35:55.685
79.2,0.0093,-473.6997,-473.6997,-0.7862,10:35:56.089
79.4,0.0014,-473.6997,-473.6997,-0.7999,10:35:56.430
79.6,0.0014,-431.7949,-431.7949,-0.7798,10:35:56.832
79.8,0.0014,-377.8022,-377.8022,-0.7596,10:35:57.638
80.0,0.0093,-311.7217,-311.7217,-0.7443,10:35:57.764
80.2,0.0093,-240.0001,-240.0001,-0.7242,10:35:57.897
80.4,0.0251,-165.055,-165.055,-0.7073,10:35:58.644
80.6,0.0172,-123.9561,-123.9561,-0.6895,10:35:58.769
80.8,0.0172,-93.3334,-93.3334,-0.6694,10:35:59.031
81.0,0.0172,-68.3517,-68.3517,-0.6549,10:35:59.402
81.2,0.0172,-44.9817,-44.9817,-0.6347,10:35:59.605
81.4,0.0093,-24.8352,-24.8352,-0.6194,10:36:00.413
81.6,0.0172,-6.3004,-6.3004,-0.5993,10:36:00.549
81.8,0.0172,10.6227,10.6227,-0.5848,10:36:00.815
82.0,0.0014,26.7399,26.7399,-0.5646,10:36:01.189
82.2,0.0014,38.0219,38.0219,-0.5469,10:36:01.392
82.4,0.0093,50.9157,50.9157,-0.5292,10:36:01.764
82.6,0.0093,59.7802,59.7802,-0.5098,10:36:02.152
82.8,0.0172,70.2564,70.2564,-0.4945,10:36:02.523
83.0,0.033,81.5384,81.5384,-0.4744,10:36:02.912
83.2,0.0409,90.4029,90.4029,-0.4599,10:36:03.129
83.4,0.0488,97.6556,97.6556,-0.4397,10:36:03.532
83.6,0.0488,107.326,107.326,-0.422,10:36:03.936
83.8,0.0409,115.3846,115.3846,-0.4042,10:36:04.122
84.0,0.0488,119.4139,119.4139,-0.3849,10:36:04.942
84.2,0.0488,125.8607,125.8607,-0.3696,10:36:05.080
84.4,0.0409,132.3076,132.3076,-0.3495,10:36:05.375
84.6,0.0409,136.3369,136.3369,-0.3341,10:36:05.766
84.8,0.0409,139.5604,139.5604,-0.3148,10:36:05.936
85.0,0.033,145.2014,145.2014,-0.2971,10:36:06.745
85.2,0.033,151.6483,151.6483,-0.2793,10:36:06.902
85.4,0.033,157.2893,157.2893,-0.2592,10:36:07.210
85.6,0.033,163.7362,163.7362,-0.2447,10:36:07.551
85.8,0.033,170.989,170.989,-0.2245,10:36:07.753
86.0,0.033,177.4358,177.4358,-0.2068,10:36:08.141
86.2,0.0251,182.271,182.271,-0.1899,10:36:08.516
86.4,0.0251,186.3003,186.3003,-0.1697,10:36:08.901
86.6,0.0251,191.1355,191.1355,-0.1544,10:36:09.693
86.8,0.0172,195.1648,195.1648,-0.1343,10:36:09.848
87.0,0.0172,198.3882,198.3882,-0.1198,10:36:10.007
87.2,0.0251,203.2234,203.2234,-0.0996,10:36:10.392
87.4,0.0251,210.4761,210.4761,-0.0795,10:36:10.793
87.6,0.033,221.7582,221.7582,-0.0642,10:36:10.963
87.8,0.0409,235.4578,235.4578,-0.0448,10:36:11.771
88.0,0.0488,252.3809,252.3809,-0.0295,10:36:11.923
88.2,0.033,271.7216,271.7216,-0.0094,10:36:12.175
88.4,0.0409,295.0915,295.0915,0.0084,10:36:12.979
88.6,0.0409,320.0732,320.0732,0.0253,10:36:13.133
88.8,0.0488,349.0842,349.0842,0.0454,10:36:13.292
89.0,0.0488,376.4835,376.4835,0.0607,10:36:13.476
89.2,0.0646,394.2124,394.2124,0.0809,10:36:13.861
89.4,0.0646,405.4944,405.4944,0.0978,10:36:14.657
89.6,0.0567,407.912,407.912,0.1155,10:36:14.835
89.8,0.0567,401.4651,401.4651,0.1357,10:36:15.073
90.0,0.0567,391.7948,391.7948,0.1502,10:36:15.476
90.2,0.0488,383.7362,383.7362,0.1703,10:36:15.663
90.4,0.0488,375.6776,375.6776,0.1856,10:36:16.050
90.6,0.0567,366.8131,366.8131,0.2058,10:36:16.437
90.8,0.0567,358.7545,358.7545,0.2227,10:36:16.854
91.0,0.0567,351.5018,351.5018,0.2404,10:36:17.254
91.2,0.0567,344.249,344.249,0.2606,10:36:17.442
91.4,0.0488,336.9963,336.9963,0.2751,10:36:18.230
91.6,0.0488,329.7435,329.7435,0.2952,10:36:18.409
91.8,0.0409,322.4908,322.4908,0.313,10:36:18.647
92.0,0.033,313.6263,313.6263,0.3307,10:36:18.833
92.2,0.0409,306.3736,306.3736,0.3508,10:36:19.234
92.4,0.033,299.1208,299.1208,0.3653,10:36:19.633
92.6,0.033,291.8681,291.8681,0.3855,10:36:20.034
92.8,0.0488,284.6153,284.6153,0.4008,10:36:20.433
93.0,0.0567,278.1684,278.1684,0.4201,10:36:20.817
93.2,0.0567,271.7216,271.7216,0.4403,10:36:21.216
93.4,0.0725,264.4688,264.4688,0.4556,10:36:21.616
93.6,0.0725,258.8278,258.8278,0.4758,10:36:21.799
93.8,0.0646,252.3809,252.3809,0.4903,10:36:22.201
94.0,0.0646,246.7399,246.7399,0.5104,10:36:22.587
94.2,0.0567,241.0988,241.0988,0.5281,10:36:22.989
94.4,0.0567,236.2637,236.2637,0.5459,10:36:23.373
94.6,0.0567,228.2051,228.2051,0.5652,10:36:23.759
94.8,0.0567,221.7582,221.7582,0.5805,10:36:23.945
95.0,0.0488,216.1172,216.1172,0.6007,10:36:24.329
95.2,0.0567,209.6703,209.6703,0.6184,10:36:25.132
95.4,0.0567,203.2234,203.2234,0.6353,10:36:25.308
95.6,0.0488,199.1941,199.1941,0.6555,10:36:25.564
95.8,0.0409,195.9706,195.9706,0.6708,10:36:25.762
96.0,0.0409,191.1355,191.1355,0.6901,10:36:26.224
96.2,0.0409,188.7179,188.7179,0.7054,10:36:26.625
96.4,0.0488,185.4944,185.4944,0.7256,10:36:27.038
96.6,0.0488,183.0769,183.0769,0.7433,10:36:27.239
96.8,0.0488,179.8534,179.8534,0.7602,10:36:27.483
97.0,0.0488,178.2417,178.2417,0.7804,10:36:28.299
97.2,0.0488,175.8241,175.8241,0.7957,10:36:28.489
97.4,0.0409,174.2124,174.2124,0.7884,10:36:28.678
97.6,0.0488,173.4065,173.4065,0.7707,10:36:29.071
97.8,0.0488,172.6007,172.6007,0.7538,10:36:29.471
98.0,0.0488,170.1831,170.1831,0.7336,10:36:29.873
98.2,0.0488,168.5714,168.5714,0.7183,10:36:30.073
98.4,0.0488,166.9597,166.9597,0.6982,10:36:30.535
98.6,0.0488,165.3479,165.3479,0.6837,10:36:30.739
98.8,0.0567,163.7362,163.7362,0.6635,10:36:31.139
99.0,0.0567,162.9303,162.9303,0.6458,10:36:31.540
99.2,0.0567,161.3186,161.3186,0.6281,10:36:31.943
99.4,0.0488,161.3186,161.3186,0.6087,10:36:32.174
99.6,0.0409,159.7069,159.7069,0.5934,10:36:32.762
99.8,0.0409,158.0952,158.0952,0.5733,10:36:33.165
100.0,0.0409,157.2893,157.2893,0.5555,10:36:33.380
100.2,0.0409,157.2893,157.2893,0.5386,10:36:33.586
100.4,0.0409,154.8717,154.8717,0.5185,10:36:34.027
100.6,0.0488,153.26,153.26,0.5032,10:36:34.429
100.8,0.0488,152.4542,152.4542,0.4838,10:36:34.846
101.0,0.0488,151.6483,151.6483,0.4685,10:36:35.061
101.2,0.0488,149.2307,149.2307,0.4484,10:36:35.476
101.4,0.0646,147.619,147.619,0.4282,10:36:35.893
101.6,0.0567,146.8131,146.8131,0.4137,10:36:36.111
101.8,0.0488,145.2014,145.2014,0.3936,10:36:36.522
102.0,0.0567,144.3955,144.3955,0.3782,10:36:36.939
102.2,0.0567,129.0842,129.0842,0.3581,10:36:37.357
102.4,0.0409,107.326,107.326,0.3412,10:36:37.745
102.6,0.0409,78.315,78.315,0.3234,10:36:38.006
102.8,0.0488,44.4688,44.4688,0.3057,10:36:38.438
103.0,0.0409,7.3992,7.3992,0.2888,10:36:38.653
103.2,0.0409,-16.7766,-16.7766,0.2686,10:36:39.073
103.4,0.0409,-36.9231,-36.9231,0.2533,10:36:39.294
103.6,0.0488,-54.6521,-54.6521,0.2332,10:36:39.722
103.8,0.0409,-69.1576,-69.1576,0.2163,10:36:40.153
104.0,0.0409,-85.2748,-85.2748,0.1985,10:36:40.377
104.2,0.033,-100.5861,-100.5861,0.1784,10:36:40.802
104.4,0.033,-118.3151,-118.3151,0.1631,10:36:41.217
104.6,0.033,-132.8206,-132.8206,0.1437,10:36:41.649
104.8,0.033,-148.1319,-148.1319,0.126,10:36:42.068
105.0,0.033,-164.2491,-164.2491,0.1083,10:36:42.296
105.2,0.033,-179.5605,-179.5605,0.0881,10:36:42.528
105.4,0.033,-191.6484,-191.6484,0.0736,10:36:42.963
105.6,0.0172,-203.7363,-203.7363,0.0535,10:36:43.395
105.8,0.0251,-215.8242,-215.8242,0.0382,10:36:43.620
106.0,0.0172,-223.8828,-223.8828,0.018,10:36:44.038
106.2,0.0093,-231.1356,-231.1356,-0.0013,10:36:44.455
106.4,0.0093,-236.7766,-236.7766,-0.0166,10:36:44.889
106.6,0.0093,-242.4176,-242.4176,-0.0368,10:36:45.319
106.8,-0.0065,-242.4176,-242.4176,-0.0537,10:36:45.755
107.0,0.0014,-242.4176,-242.4176,-0.0714,10:36:45.980
107.2,0.0014,-241.6118,-241.6118,-0.0916,10:36:46.209
107.4,0.0014,-240.8059,-240.8059,-0.1069,10:36:46.620
107.6,0.0014,-239.1942,-239.1942,-0.1262,10:36:47.038
107.8,0.0093,-241.6118,-241.6118,-0.144,10:36:47.288
108.0,0.0093,-248.8645,-248.8645,-0.1617,10:36:47.735
108.2,0.0172,-266.5935,-266.5935,-0.1818,10:36:48.168
108.4,0.0093,-293.9927,-293.9927,-0.1963,10:36:48.410
108.6,0.0172,-334.2858,-334.2858,-0.2165,10:36:48.833
108.8,0.0172,-384.2491,-384.2491,-0.2342,10:36:49.267
109.0,0.0172,-439.8535,-439.8535,-0.2519,10:36:49.511
109.2,0.0093,-492.2345,-492.2345,-0.2713,10:36:49.929
109.4,0.0093,-537.3627,-537.3627,-0.289,10:36:50.170
109.6,0.0014,-568.7913,-568.7913,-0.3067,10:36:50.563
109.8,0.0014,-586.5202,-586.5202,-0.3269,10:36:51.411
110.0,0.0014,-584.9085,-584.9085,-0.3414,10:36:51.667
110.2,0.0093,-572.8206,-572.8206,-0.3615,10:36:51.943
110.4,0.0093,-562.3444,-562.3444,-0.3793,10:36:52.212
110.6,0.0172,-541.392,-541.392,-0.3962,10:36:52.472
110.8,0.0172,-521.2455,-521.2455,-0.4163,10:36:52.740
111.0,0.0172,-506.74,-506.74,-0.4341,10:36:53.569
111.2,0.0172,-497.8755,-497.8755,-0.4518,10:36:53.828
111.4,0.0172,-483.37,-483.37,-0.4719,10:36:54.103
111.6,0.0093,-493.0403,-493.0403,-0.4864,10:36:54.374
111.8,0.0093,-494.6521,-494.6521,-0.5066,10:36:54.649
112.0,0.0014,-500.2931,-500.2931,-0.5267,10:36:54.916
112.2,0.0014,-503.5165,-503.5165,-0.5412,10:36:55.327
112.4,0.0014,-507.5458,-507.5458,-0.5614,10:36:55.742
112.6,0.0093,-493.8462,-493.8462,-0.5791,10:36:56.175
112.8,0.0014,-492.2345,-492.2345,-0.5968,10:36:56.436
113.0,0.0093,-489.011,-489.011,-0.617,10:36:56.856
113.2,0.0014,-484.1759,-484.1759,-0.6315,10:36:57.124
113.4,0.0014,-480.1466,-480.1466,-0.6516,10:36:57.404
113.6,0.0014,-477.729,-477.729,-0.6718,10:36:58.200
113.8,0.0014,-474.5055,-474.5055,-0.6863,10:36:58.461
114.0,0.0014,-472.088,-472.088,-0.7064,10:36:58.729
114.2,0.0093,-469.6704,-469.6704,-0.7242,10:36:59.002
114.4,0.0093,-469.6704,-469.6704,-0.7419,10:36:59.283
114.6,0.0093,-468.8645,-468.8645,-0.7612,10:36:59.676
114.8,0.0172,-468.8645,-468.8645,-0.7766,10:36:59.951
115.0,0.0093,-471.2821,-471.2821,-0.7967,10:37:00.387
115.2,0.0093,-438.2418,-438.2418,-0.7846,10:37:01.191
115.4,0.0251,-385.8609,-385.8609,-0.7693,10:37:01.461
115.6,0.0251,-324.6154,-324.6154,-0.7492,10:37:01.746
115.8,0.0251,-256.1173,-256.1173,-0.7298,10:37:02.021
116.0,0.033,-177.1429,-177.1429,-0.7145,10:37:02.312
116.2,0.033,-128.7913,-128.7913,-0.6944,10:37:02.601
116.4,0.0251,-94.1392,-94.1392,-0.6799,10:37:03.013
116.6,0.0251,-68.3517,-68.3517,-0.6597,10:37:03.324
116.8,0.0251,-42.5642,-42.5642,-0.642,10:37:03.739
117.0,0.0251,-20.0001,-20.0001,-0.6242,10:37:04.155
117.2,0.0251,-2.2711,-2.2711,-0.6073,10:37:04.556
117.4,0.0251,14.652,14.652,-0.5896,10:37:04.848
117.6,0.0251,31.575,31.575,-0.5695,10:37:05.141
117.8,0.0251,44.4688,44.4688,-0.5541,10:37:05.421
118.0,0.0093,53.3333,53.3333,-0.5348,10:37:05.756
118.2,0.0093,63.8095,63.8095,-0.5195,10:37:06.158
118.4,0.0093,74.2857,74.2857,-0.4993,10:37:06.560
118.6,0.0093,81.5384,81.5384,-0.4848,10:37:06.858
118.8,0.0172,90.4029,90.4029,-0.4647,10:37:07.190
119.0,0.033,98.4615,98.4615,-0.447,10:37:07.606
119.2,0.033,106.5201,106.5201,-0.4292,10:37:07.902
119.4,0.033,112.967,112.967,-0.4099,10:37:08.299
119.6,0.033,120.2197,120.2197,-0.3946,10:37:08.730
119.8,0.0251,125.8607,125.8607,-0.3744,10:37:09.032
120.0,0.0251,133.9194,133.9194,-0.3567,10:37:09.423
120.2,0.0251,138.7545,138.7545,-0.3398,10:37:09.842
120.4,0.0251,143.5897,143.5897,-0.3196,10:37:10.139
120.6,0.0251,150.0366,150.0366,-0.3043,10:37:10.616
120.8,0.033,155.6776,155.6776,-0.2842,10:37:10.917
121.0,0.033,160.5128,160.5128,-0.2697,10:37:11.231
121.2,0.033,166.9597,166.9597,-0.2495,10:37:11.534
121.4,0.033,173.4065,173.4065,-0.2318,10:37:11.842
121.6,0.033,178.2417,178.2417,-0.2149,10:37:12.250
121.8,0.033,183.8827,183.8827,-0.1947,10:37:12.550
122.0,0.033,189.5238,189.5238,-0.1794,10:37:12.988
122.2,0.033,195.1648,195.1648,-0.1593,10:37:13.284
122.4,0.0409,198.3882,198.3882,-0.1423,10:37:13.665
122.6,0.0409,203.2234,203.2234,-0.1246,10:37:14.038
122.8,0.0409,207.2527,207.2527,-0.1045,10:37:14.454
123.0,0.0567,212.8937,212.8937,-0.0892,10:37:14.758
123.2,0.0646,220.9523,220.9523,-0.0698,10:37:15.061
123.4,0.0567,233.0402,233.0402,-0.0545,10:37:15.470
123.6,0.0646,249.1575,249.1575,-0.0344,10:37:15.789
123.8,0.0646,268.4981,268.4981,-0.0142,10:37:16.194
124.0,0.0488,290.2564,290.2564,0.0003,10:37:16.609
124.2,0.0488,314.4322,314.4322,0.0204,10:37:16.906
124.4,0.0567,336.9963,336.9963,0.0358,10:37:17.333
124.6,0.0567,350.6959,350.6959,0.0551,10:37:17.629
124.8,0.0488,358.7545,358.7545,0.0728,10:37:17.944
125.0,0.0567,360.3662,360.3662,0.0905,10:37:18.277
125.2,0.0488,358.7545,358.7545,0.1107,10:37:18.709
125.4,0.0409,356.3369,356.3369,0.1252,10:37:19.128
125.6,0.0409,356.3369,356.3369,0.1453,10:37:19.438
125.8,0.0409,357.9487,357.9487,0.1631,10:37:19.824
126.0,0.0409,358.7545,358.7545,0.1808,10:37:20.241
126.2,0.0409,355.5311,355.5311,0.2001,10:37:20.552
126.4,0.0409,349.0842,349.0842,0.2155,10:37:20.859
126.6,0.0409,343.4432,343.4432,0.2356,10:37:21.271
126.8,0.0488,335.3846,335.3846,0.2501,10:37:21.575
127.0,0.0409,328.9377,328.9377,0.2703,10:37:21.995
127.2,0.0488,321.6849,321.6849,0.288,10:37:22.303
127.4,0.0488,316.0439,316.0439,0.3057,10:37:22.611
127.6,0.0488,307.1794,307.1794,0.3259,10:37:23.046
127.8,0.0488,299.1208,299.1208,0.3404,10:37:23.377
128.0,0.0488,291.0622,291.0622,0.3605,10:37:23.693
128.2,0.0409,283.0036,283.0036,0.3782,10:37:24.112
128.4,0.0567,275.7509,275.7509,0.3952,10:37:24.423
128.6,0.0488,270.1098,270.1098,0.4153,10:37:24.820
128.8,0.0488,264.4688,264.4688,0.4306,10:37:25.126
129.0,0.0488,259.6336,259.6336,0.4508,10:37:25.577
129.2,0.0567,258.0219,258.0219,0.4653,10:37:25.873
129.4,0.0409,256.4102,256.4102,0.4854,10:37:26.186
129.6,0.0409,252.3809,252.3809,0.5056,10:37:26.626
129.8,0.0409,249.9633,249.9633,0.5209,10:37:26.924
130.0,0.033,246.7399,246.7399,0.5402,10:37:27.305
130.2,0.0251,241.9047,241.9047,0.5555,10:37:27.612
130.4,0.033,235.4578,235.4578,0.5757,10:37:28.034
130.6,0.033,231.4285,231.4285,0.5926,10:37:28.340
130.8,0.033,226.5933,226.5933,0.6103,10:37:28.774
